{
  "network_type": "stochastic_block_model",
  "parameters": {
    "sizes": [
      166,
      167,
      167
    ],
    "p_intra": 0.0375,
    "p_inter": 0.00375
  },
  "description": "Stochastic block model with communities of sizes [166, 167, 167], intra-community probability 0.0375, inter-community probability 0.00375",
  "network_properties": {
    "nodes": 500,
    "edges": 1755,
    "density": 0.01406813627254509,
    "average_degree": 7.02,
    "average_clustering": 0.023333666333666334,
    "is_connected": false,
    "average_path_length": 3.5124224352319096,
    "degree_assortativity": -0.04053310802419278,
    "diameter": 7,
    "transitivity": 0.024679170779861797
  },
  "timestamp": "2025-07-19 18:09:43.542145",
  "directory_path": "fase1_synthetic/stochastic_block_model/sbm_s166_167_167_pi0.0375_pe0.00375",
  "file_format": "Pickle, EdgeList"
}