{
  "network_type": "erdos_renyi",
  "parameters": {
    "n": 500,
    "p": 0.015
  },
  "description": "Erdos-Renyi random graph with 500 nodes and edge probability 0.015",
  "network_properties": {
    "nodes": 500,
    "edges": 1875,
    "density": 0.01503006012024048,
    "average_degree": 7.5,
    "average_clustering": 0.015302569652569651,
    "is_connected": true,
    "average_path_length": 3.301442885771543,
    "degree_assortativity": -0.010278234858307705,
    "diameter": 6,
    "transitivity": 0.015188248716486025
  },
  "timestamp": "2025-07-19 18:09:30.934748",
  "directory_path": "fase1_synthetic/erdos_renyi/er_n500_p0.015",
  "file_format": "Pickle, EdgeList"
}